,song,artist,genre,artists(shazam),songwriters,producers
1,Beautiful Things,Benson Boone,Pop,['Benson Boone'],"['Evan Blair', 'Benson Boone', 'Jackson Lafrantz Larsen']","['Evan Blair', 'Randy Merrill', 'Alex Ghenea']"
2,Lose Control,Teddy Swims,Pop,['Teddy Swims'],"['Mikky Ekko', 'Teddy Swims', 'Julian Bunetta', 'Marco INFAMOUS Rodriguez', 'Joshua Coleman']",
3,Espresso,Sabrina Carpenter,Pop,['Sabrina Carpenter'],"['Steph Jones', 'Julian Bunetta', 'Amy Allen', 'Sabrina Carpenter']",
4,Cruel Summer,Taylor Swift,Pop,"['Taylor Swift', 'Jack Antonoff', 'Annie Clark', 'Michael Riddleberger']","['Annie Clark', 'Taylor Swift', 'Jack Antonoff']","['Taylor Swift', 'Jack Antonoff', 'Laura Sisk', 'John Rooney', 'Jon Sher', 'Serban Ghenea', 'John Hanes', 'Randy Merrill']"
5,Greedy,Tate McRae,Pop,['Tate McRae'],"['Tate McRae', 'Amy Allen', 'Jasper Harris', 'Ryan Tedder']","['Ryan Tedder', 'Jasper Harris', 'Manny Marroquin', 'Chris Galland', 'Robin Florent', 'Jeremie Inhaber', 'Dave Kutch', 'Grant Boutin', 'Rich & Rich']"
6,A Bar Song (Tipsy),Shaboozey,Country,"['Shaboozey', 'Lily Honigberg']","['Nevin Sastry', 'Mark Allen Williams', 'Sean Cook', 'Joe Kent', 'Jerell Jones', 'Collins Obinna Chibueze']","['Sean Cook', 'Colin Leonard', 'Raul Lopez', 'Nevin Sastry', 'Skyler Gibbons']"
7,Birds Of A Feather,Billie Eilish,Alternative,['Billie Eilish'],"['Billie Eilish', 'Finneas']",
8,Too Sweet,Hozier,Pop,['Hozier'],"['Hozier', 'Peter Gonzales', 'Sergiu Gherman', 'Daniel Krieger', 'Tyler Mehlenbacher', 'Stuart Johnson', 'Daniel Tannenbaum']",
9,Gata Only,FloyyMenor & Cris MJ,Latino,"['Cris MJ', 'FloyyMenor']","['Cristopher Alvarez', 'FloyyMenor']",['Bigcvyu']
10,Stick Season,Noah Kahan,Alternative,['Noah Kahan'],['Noah Kahan'],
11,Not Like Us,Kendrick Lamar,Hip-Hop/Rap,['Kendrick Lamar'],"['Dijon McFarlane', 'Ray Charles', 'Kendrick Lamar', 'Mark Spears', 'Sean Momberger']",
12,I Remember Everything,Zach Bryan,Country,['Zach Bryan'],"['Zach Bryan', 'Kacey Musgraves']",
13,Million Dollar Baby,Tommy Richman,Hip-Hop/Rap,['Tommy Richman'],['Tommy Richman'],
14,I Had Some Help,Post Malone,Country,['Post Malone'],['Morgan Wallen'],
15,Seven,Jung Kook & Latto,K-Pop,"['Jung Kook', 'Latto', 'Andrew Watt', 'Jon Bellion', 'Theron Thomas', 'Cirkut']","['Henry Russell Walter', 'Andrew Wotman', 'Alyssa Michelle Stephens', 'Theron Thomas', 'Jon Bellion']","['Andrew Watt', 'Serban Ghenea', 'Bryce Bordone', 'Mike Bozzi', 'Ben Hogarth', 'Cirkut', 'Marco Sonzini', 'Paul Lamalfa']"
16,Flowers,Miley Cyrus,Pop,['Miley Cyrus'],"['Gregory Aldae Hein', 'Michael Pollack', 'Miley Cyrus']",
17,Please Please Please,Sabrina Carpenter,Dance,"['Dust~', 'Sabrina Carpenter']",[''],
18,Water,Tyla,Pop,['Tyla'],"['Rayan El-Hussein Goufar', 'Olmo Zucca', 'Tricky Stewart', 'Imani Lewis', 'Tyla Seethal', 'Samuel Awuku', 'Ariowa Irosogie', 'Corey Marlon Lindsay-Keay', 'Jackson Paul LoMastro']",
19,One Of The Girls,"Lily Rose Depp, The Weeknd & JENNIE",Soundtrack,"['ÃÃ¨Ã«Ã¨-ÃÃ®Ã§ ÃÃ¥Ã¯Ã¯', 'The Weeknd', 'JENNIE']","['Ã\x8bÃ¨Ã«Ã¨-Ã\x90Ã®Ã§ Ã\x84Ã¥Ã¯Ã¯', 'The Weeknd', 'Sam Levinson', 'MIKE DEAN']",
20,Lovin On Me,Jack Harlow,Hip-Hop/Rap,['Jack Harlow'],"['Delbert M Greer', 'Nik Frascona', 'Reginald Nelton', 'Ozan Yildirim', 'Jack Harlow', 'Sean Momberger', 'Nickie Jon Pabon']",
21,I Like The Way You Kiss Me,Artemas,Trance,"['Artemas', 'Tiesto']","['Jesse Fink', 'Toby Daintree', 'Kevin White', 'Artemas Diamandis']",
22,We Can't Be Friends (Wait For Your Love),Ariana Grande,Pop,['Ariana Grande'],"['Ariana Grande', 'ILYA', 'Max Martin']",
23,Save Your Tears,Ariana Grande,Pop,,"['Ahmad Balshe', 'Jason Daheala Quenneville', 'The Weeknd', 'Oscar Holter', 'Karl Martin Sandberg']",
24,Die For You,The Weeknd,R&B/Soul,"['The Weeknd', 'Dylan Wiggins', 'Simon Christenson']","['Martin McKinney', 'Henry Russell Walter', 'Mejdi Rhars', 'The Weeknd', 'Magnus August Hoiberg', 'Billy Walsh', 'Dylan Wiggins']","['The Weeknd', 'Cashmere Cat', 'Prince85', 'Martin McKinney', 'Josh Smith', 'Serban Ghenea', 'John Hanes', 'Cirkut']"
25,Snooze,SZA,R&B/Soul,['SZA'],"['Kenny B. Edmonds', 'SZA', 'Leon Thomas', 'Blair Ferguson', 'Khris Riddick-Tynes']",
26,Fortnight,Taylor Swift,Pop,['Taylor Swift'],"['Taylor Swift', 'Post Malone', 'Jack Antonoff']",
27,Paint The Town Red,Doja Cat,Rap,['Doja Cat'],"['Jean Baptiste Kouame', 'Hal David', 'Doja Cat', 'Ryan Buendia', 'Isaac Earl Bynum', 'Karl Rubin Brutus', 'Burt Bacharach']",
28,End Of Beginning,BbyGirl,Pop,,['d.j.o'],
29,As It Was,Aime Simone,Pop,['Aime Simone'],"['Tyler Johnson', 'Harry Styles', 'Thomas Edward Percy Hull']",
30,My Love Mine All Mine,Mitski,Alternative,"['Mitski', 'Patrick Hyland', 'Drew Erickson', 'Fletcher Sheridan', 'Adam Faruqi', 'Jessica Freedman', 'Michael Lichtenauer', 'Ben Lin', 'Charles McDonald', 'Ann Sheridan', 'Valerie Tambaoan', 'Courtney Taylor', 'Elyse Willis', 'Andrea Zomorodian', 'Fats Kaplin', 'Dominic Davis', 'Brooke Waggoner', 'Ross McReynolds', 'Will Goldman']",['Mitski'],"['Patrick Hyland', 'Michael Harris', 'Nate Haessly', 'Bob Weston']"
31,"Good Luck, Babe!",Chappell Roan,Pop,['Chappell Roan'],"['Daniel Nigro', 'Justin Tranter', 'Chappell Roan']",
32,Luna,Romans,Pop,,['Romans'],
33,Another Love,Tom Odell,Singer/Songwriter,"['Tom Odell', 'Max Goff', 'Max Clilverd', 'Dan McDougall']",['Tom Odell'],"['Dan Grech-Marguerat', 'Duncan Fuller', 'Cenzo Townshend', 'Sean Julliard', 'Mazen Murad']"
34,Qlona,Peso Pluma & KAROL G,Latino,"['Peso Pluma', 'KAROL G']","['Daniel Echavarria Oviedo', 'JUAN SEBASTIAN NAVARRO GONZALEZ', 'Hassan Emilio Kabande Laija', 'Daniel Esteban Gutierrez', 'Carolina Giraldo Navarro']",
35,The Night We Met,Lord Huron,Alternative,"['Ben Schneider', 'Tom Renaud', 'Jessica Maros', 'Mark Antony Barry', 'Miguel Briseno']",['Ben Schneider'],"['Ben Schneider', 'Ben Tolliday', 'Dave Cooley', 'Rick Parker']"
36,Standing Next To You,Jung Kook,K-Pop,['Jung Kook'],"['Henry Russell Walter', 'Ali Tamposi', 'Jon Bellion', 'Andrew Wotman']","['Andrew Watt', 'Cirkut', 'Serban Ghenea', 'Bryce Bordone', 'Mike Bozzi']"
37,Houdini,Dua Lipa,Pop,['Dua Lipa'],"['Tobias Jesso Jr.', 'Danny L Harle', 'Dua Lipa', 'Caroline Ailin', 'Kevin Parker']",
38,Calm Down,Dua Lipa,Pop,"['Rema', 'Selena Gomez']",['Rema'],
39,Last Night,Morgan Wallen,Country,['Morgan Wallen'],"['John Byron', 'Ashley Gorley', 'Jacob Kasher Hindlin', 'Ryan Vojtesak']",
40,Sweater Weather,The Neighbourhood,Alternative,"['Brandon Fried', 'Jeremy Freedman', 'JesseÂ®', 'Michael Margott', 'Zachary Abels']","['Jeremy Freedman', 'Zachary Abels', 'Jesse Rutherford']","['Justyn Pilbrow', 'Chris Mullings', 'Tony Mantz']"
41,Texas Hold 'Em,Beyonce,Country,['Beyonce'],"['Brian Bates', 'Megan Bulow', 'Beyonce', 'Elizabeth Lowell Boland', 'Raphael Saadiq', 'Nate Ferraro']",
42,Something In The Orange,Zach Bryan,Country,"['Zach Bryan', 'Read Connolly', 'Ryan Hadlock', 'Taylor Carroll', 'Zephyr Avalon']",['Zach Bryan'],"['Ryan Hadlock', 'Taylor Carroll']"
43,Blinding Lights,The Weeknd,R&B/Soul,"['The Weeknd', 'Max Martin', 'Oscar Holter']","['Ahmad Balshe', 'Jason Daheala Quenneville', 'The Weeknd', 'Oscar Holter', 'Karl Martin Sandberg']","['The Weeknd', 'Max Martin', 'Oscar Holter', 'Serban Ghenea', 'John Hanes', 'Cory Bice', 'Jeremy Lertola', 'Shin Kamiyama', 'Dave Kutch', 'Kevin Peterson', 'Sean Klein']"
44,What Was I Made For?,Billie Eilish,Alternative,"['Billie Eilish', 'FINNEAS']","['Billie Eilish', 'Finneas OÂ\x92Connell', 'Mark Ronson', 'Andrew Wyatt']","['Billie Eilish', 'FINNEAS', 'Andrew Wyatt', 'Mark Ronson', 'Eli Heisler', 'Rob Kinelski', 'Randy Merrill']"
45,Like That,"Metro Boomin, Kendrick Lamar & Future",Hip-Hop/Rap,,"['Lorenzo Patterson', 'Jeffrey Page', 'Kendrick Lamar', 'Future', 'Leland Wayne', 'Rodney Oliver', 'Joe Cooley', 'Kobe â\x80\x9cBbyKobeâ\x80\x9d Hood']",
46,Someone You Loved,Lewis Capaldi,Alternative,"['Lewis Capaldi', 'Future Humans', 'Peter Kelleher', 'Sam Cramer', 'Phil Cook', 'Benjamin Kohn']","['Lewis Capaldi', 'Sam Roman', 'Peter Kelleher', 'Ben Kohn', 'Tom Barnes']","['TMS', 'Future Humans', 'Kevin Grainger']"
47,Kill Bill,SZA,R&B/Soul,['SZA'],"['SZA', 'Rob Bisel', 'Carter Lang']",
48,Sunflower (Spider-Man: Into The Spider-Verse),Post Malone & Swae Lee,Hip-Hop/Rap,"['Post Malone', 'Swae Lee', 'Louis Bell', 'Carter Lang']","['Post Malone', 'Louis Bell', 'Khalif Brown', 'Carl Rosen', 'Billy Walsh', 'Carter Lang']","['Louis Bell', 'Carter Lang', 'Manny Marroquin', 'Chris Galland', 'Scott Desmarais', 'Robin Florent', 'Michael ""DJ Mike D"" Adachi', 'Bernie Grundman', 'Jeremie Inhaber', 'Mike Bozzi']"
49,I Wanna Be Yours,Arctic Monkeys,Alternative,"['Alex Turner', 'James Ford', 'Jamie Cook', 'Matt Helders', ""Nick O'Malley""]","['John Cooper Clarke', 'Alex Turner', 'Jamie Cook']","['James Ford', 'Ross Orton', 'Tchad Blake', 'Zackery Michael', 'Brian Lucey', 'Ian Shea']"
50,Austin,Dasha,Country,['Dasha'],"['Adam Wendler', 'Kenneth Travis Heidelman', 'Anna Dasha Novotny', 'Cheyenne Rose Arnspiger']",
51,Starboy,The Weeknd,R&B/Soul,"['The Weeknd', 'Guy-Manuel de Homem-Christo', 'Thomas Bangalter']","['Henry Russell Walter', 'Martin McKinney', 'Guy-Manuel de Homem-Christo', 'Jason Daheala Quenneville', 'The Weeknd', 'Thomas Bangalter']","['The Weeknd', 'Daft Punk', 'Florian Lagatta', 'Martin McKinney', 'Josh Smith', 'Serban Ghenea', 'John Hanes', 'Cirkut']"
52,Perro Negro,Feid & Bad Bunny,Latin Urban,,"['Jonathan Zibi', 'Marco Borrero', 'Armando Cuesta', 'Frank Packer', 'Samuel Jimenez', 'Marlon Orrego', 'SalomÃ³n Villada Hoyos', 'Jose Jr. Roberto Rosado Torres', 'Benito A. Martinez Ocasio']",
53,FE!N,Travis Scott,Hip-Hop/Rap,['Travis Scott'],"['Jahaan Sweet', 'Travis Scott', 'Sheck Wes', 'Playboi Carti']",
54,Perfect,Ed Sheeran,Pop,"['Ed Sheeran', 'Pino Palladino', 'Katherine Jenkinson', 'Nick Cooper', 'Peter Gregson', 'Tim Lowe', 'Charys Green', 'Leon Bosch', 'Will Hicks', 'John Tilley', 'Nick Cartledge', 'Kotono Sato', 'Meghan Cassidy', 'Rachel Roberts', 'Alison Dods', 'Fenella Barton', 'James Dickenson', 'Jan Regulski', 'Kirsty Mangan', 'Magnus Johnston', 'Mandhira De Saram', 'Marije Johnston', 'Martyn Jackson', 'Patrick Kiernan', 'Simon Hewitt Jones', 'Ben Russell', 'Deborah Widdup', 'Jay Lewis', 'Jeremy Morris', 'Laurie Anderson']","['Ed Sheeran', 'Matthew Sheeran']","['Ed Sheeran', 'benny blanco', 'Geoff Swan', 'Michael Freeman', 'George Oulton', 'Jack Fairbrother', 'Jonny Solway', 'Matt Jones', 'Paul Pritchard', 'Will Hicks', 'Chris Sclafani', 'Joe Rubel', 'Stuart Hawkes', 'Mark ""Spike"" Stent']"
55,I'm Good (Blue),David Guetta & Bebe Rexha,Dance,"['David Guetta', 'Bebe Rexha']","['Massimo Gabutti', 'Bebe Rexha', 'David Guetta', 'Phil Plested', 'Camille Angelina Purcell', 'Maurizio Lobina', 'Gianfranco Randone']",
56,Until I Found You,Stephen Sanchez,Singer/Songwriter,"['Stephen Sanchez', 'Ian Fitchuk', 'Georgia Brown']","['Stephen Sanchez', 'Em Beihold']","['Ian Fitchuk', 'Konrad Snyder']"
57,Daylight,David Kushner,Pop,"['David Kushner', 'Rob Kirwan', 'Hayden Robert Hubers', 'Rick Hornby']","['Drake Jon Livingston Junior', 'Edison Boon Eason', 'David Alan Kushner', 'Hayden Robert Hubers', 'Jeremy Fedryk', 'Josh Bruce Williams']","['Jacob ÂBizÂ Morris', 'Rob Kirwan']"
58,Viva La Vida,Coldplay,Alternative,"['Chris Martin', 'Berryman Guy Rupert', 'Will Champion', 'Jonny Buckland', 'Brian Eno', 'Francois Chevallier', 'Davide Rossi']","['Davide Rossi', 'Berryman Guy Rupert', 'Will Champion', 'Chris Martin', 'Jonny Buckland']","['Jon Hopkins', 'William ""Will"" Hensley', 'Andrew Rugg', 'Brian Thorn', 'Daniel Green', 'Bob Ludwig', 'Andy Wallace', 'Markus Dravs', 'Michael H. Brauer', 'Brian Eno', 'Rik Simpson', 'Olga Fitzroy', 'Michael Trepagnier']"
59,La Diabla,Xavi,Regional Mexican,"['Xavi', 'Ivan Lopez', 'Leonardo Gama', 'Mark Diaz']","['Joshua Xavier Gutierrez Alonso', 'Fabio Gutierrez', 'Alex Hernandez']",['Ernesto Fernandez']
60,Vampire,Olivia Rodrigo,Pop,"['Olivia Rodrigo', 'Daniel Nigro', 'Paul Cartwright']",['Olivia Rodrigo'],
61,Magnetic,ILLIT,K-Pop,['ILLIT'],"['salem ilese', 'Marcus Andersson', 'Vincenzo', 'Hyun Sun Oh', 'martin', 'danke(lalala studio)', 'Hitman Bang', 'JAMES', 'Lauren Amber Aquilina', 'Slow Rabbit', 'Yi Yi Jin', 'Kimkiwi', 'Sophie Leigh McBurnie']","['Slow Rabbit', '""Hitman"" Bang', 'Kevin Grainger', 'Chris Gehringer', 'martin']"
62,I Ain't Worried,OneRepublic,Pop,['OneRepublic'],['OneRepublic'],
63,Anti-Hero,Taylor Swift,Pop,['Taylor Swift'],"['Taylor Swift', 'Jack Antonoff']",
64,Lover,Taylor Swift,Pop,"['Taylor Swift', 'Jack Antonoff']",['Taylor Swift'],"['Taylor Swift', 'John Rooney', 'Jack Antonoff', 'Laura Sisk', 'Serban Ghenea', 'John Hanes']"
65,Take On Me,a-ha,Pop,"['Magne Furuholmen', 'Morten Harket', 'Pal Waaktaar']","['Morten Harket', 'Magne Furuholmen', 'Paul Waaktaar-Savoy']","['a-ha', 'Bobby Hata', 'John Ratcliff', 'Alan Tarney', 'Barry Grint', 'Bill Inglot', 'Dan Hersch', 'Dave Schultz']"
66,Si Antes Te Hubiera Conocido,KAROL G,Latino,['KAROL G'],['KAROL G'],
67,Bling-Bang-Bang-Born,KAROL G,Latino,,['R Shitei'],
68,Yellow,KAROL G,Latino,,"['Guy Berryman', 'Jonny Buckland', 'Will Champion', 'Chris Martin']",
69,Fast Car,Luke Combs,Dance,"['Luke Combs', 'telemitry']",[''],
70,Summertime Sadness,Lana Del Rey & Cedric Gervais,Dance,"['Lana Del Rey', 'Cedric Gervais', 'Rick Nowels', 'Emile Haynie', 'Dan Heath', 'Patrick Warren', 'Devrim Karaoglu']","['Rick Nowels', 'Lana Del Rey']","['Cedric Gervais', 'Rick Nowels', 'Emile Haynie', 'Duncan Fuller', 'Carlos Cid', 'Ricardo Gutierrez']"
71,Prada,casso & RAYE,Dance,"['Alok', 'casso', 'RAYE']",[''],
72,Houdini,Eminem,Hip-Hop/Rap,['Eminem'],"['Tobias Jesso Jr.', 'Danny L Harle', 'Dua Lipa', 'Caroline Ailin', 'Kevin Parker']",
73,Believer,Imagine Dragons,Alternative,"['Dan Reynolds', 'Ben McKee', 'Daniel Platzman', 'Wayne Sermon']","['Daniel Coulter Reynolds', 'Benjamin McKee', 'Daniel Platzman', 'Justin Tranter', 'Wayne Sermon', 'Mattias Larsson', 'Fredriksson Robin Lennart']","['Mattman & Robin', 'John Hanes', 'Serban Ghenea', 'Tom Coyne']"
74,Die With A Smile,Lady Gaga & Bruno Mars,Pop,"['Lady Gaga', 'Bruno Mars']","['Lady Gaga', 'Bruno Mars', 'James Fauntleroy', 'Andrew Watt', 'Dernst DMile Emile II']",
75,Riptide,Vance Joy,Alternative,"['Vance Joy', 'Edwin White', 'James Keogh']",['Vance Joy'],"['John Castle', 'Edwin White', 'James Keogh', 'Steve Smart']"
76,Counting Stars,OneRepublic,Pop,"['Ryan Tedder', 'Zach Filkins', 'Brent Kutzle', 'Eddie Fisher', 'Bobbie Gordon', 'David McGlohon', 'Drew Brown', 'HarpEri']",['Ryan Tedder'],"['Ryan Tedder', 'Noel Zancanella', 'Joe Zook', 'Chris Gehringer', 'Matthew Tryba', 'Ryan Lipman', 'Smith Carlson']"
77,Segun Quien,XXXTENTACION & Lil Pump,Hip-Hop/Rap,"['XXXTENTACION', 'Lil Pump', 'Maluma', 'Swae Lee']","['Edgar Barrera', 'Gazzy Garcia', 'Franck Bondrille', 'JOHN A CRAWFORD', 'Flavio Santana', 'Khalif Brown', 'XXXTentacion', 'Jm Throckmorton', 'Juan Luis Londono', 'Gil Corber', 'Jamal Rashid']","['Edgar Barrera', 'Brandon Brown', 'Jacob Richards', 'Mike Seaberg', 'Rashawn McLean', 'Dave Kutch', 'Jaycen Joshua', 'Koen Heldens', 'Skrillex', 'Tom Norris', 'JonFX', 'Mally Mall', 'Gerald Yusuf']"
78,Without Me,Eminem,Hip-Hop/Rap,"['Eminem', 'Jeff Bass', 'Obie Trice']","['Eminem', 'Kevin Bell', 'Anne Dudley', 'Jeff Bass', 'Malcolm McLaren', 'Trevor Horn']","['Eminem', 'Jeff Bass', 'DJ Head', 'Steve King', 'Mauricio ""Veto"" Iragorri', 'Alex Reverberi', 'Mike Strange', 'Dr. Dre', 'Urban Kris']"
79,Saturn,SZA,R&B/Soul,['SZA'],"['Scott Zhang', 'Jared Solomon', 'SZA', 'Rob Bisel', 'Cian Ducrot', 'Carter Lang']",
80,Unwritten,Natasha Bedingfield,Pop,"['Natasha Bedingfield', 'Danielle Brisebois', 'Wayne Rodrigues', 'Nick Lashley', 'Keith Crouch', 'Nikola Bedingfield', 'Jessi Collins', 'Ryan Collins']","['Danielle Brisebois', 'Natasha Bedingfield', 'Wayne Rodrigues']","['Danielle Brisebois', 'Wayne Rodrigues', 'Ryan Freeland', 'Mark ""Spike"" Stent', 'Rob Haggett', 'David Treahern', 'Jared Robbins']"
81,Feather,Sabrina Carpenter,Pop,['Sabrina Carpenter'],"['Amy Allen', 'John Ryan', 'Sabrina Carpenter']",
82,Stay,The Kid LAROI & Justin Bieber,Pop,"['The Kid LAROI', 'Justin Bieber', 'Blake Slatkin', 'Omer Fedi', 'Charlie Puth', 'Cashmere Cat']","['Charlton Howard', 'Omer Fedi', 'Michael Mule', 'Justin Bieber', 'Magnus August Hoiberg', 'Isaac DeBoni', 'Charlie Puth', 'Blake Slatkin', 'Subhaan Rahmaan']","['Blake Slatkin', 'Omer Fedi', 'Charlie Puth', 'Cashmere Cat', 'Josh Gudwin', 'Elijah Marrett-Hitch', 'Heidi Wang', 'Serban Ghenea', 'John Hanes']"
83,Shut Up My Moms Calling,Hotel Ugly,Neo-Soul,"['Cristopher Fiscella', 'Michael Fiscella']","['Michael Fiscella', 'Cristopher Fiscella']",['Hotel Ugly']
84,Lunch,Billie Eilish,Alternative,['Billie Eilish'],"['Billie Eilish', 'Finneas']",
85,Take Me To Church,Hozier,Singer/Songwriter,"['Hozier', 'Fiachra Kinder', 'Alex Ryan']",['Hozier'],"['Hozier', 'Rob Kirwan']"
86,I Can Do It With A Broken Heart,Taylor Swift,Pop,['Taylor Swift'],['Taylor Swift'],
87,Heat Waves,Glass Animals,Alternative,"['Andrew MacFarlane', 'Edmund Irwin-Singer', 'Joe Seaward', 'David Algernon Bayley']",['Dave Bayley'],"['Manny Marroquin', 'Jamie McEvoy', 'Chris Gehringer', 'David Algernon Bayley']"
88,Pink + White,Frank Ocean,Pop,"['Frank Ocean', 'Alisha Bauer', 'Charlie Bisharat', 'Chris Woods', 'Crystal Alforque', 'Daphne Chen', 'Eric Gorfain', 'Gina Kronstadt', 'Ginger Murphy', 'John Krovoza', 'Kathleen Sloan', 'Leah Katz', 'Lisa Dondlinger', 'Marcy Dicterow Vaj', 'Marisa Kuney', 'Neel Hammond', 'Pharrell Williams', 'Rodney Wirtz', 'Simon Huber', 'Songa Lee', 'Stefanie Fife', 'Terry Glenny', 'Beyonce', 'Adriana Zoppo', 'Stefan Smith']","['Pharrell L. Williams', 'Ã\x84Ã¦Ã®Ã\xad Ã\x81Ã°Ã\xa0Ã©Ã®Ã\xad', 'Frank Ocean', 'Benjamin Wright']","['Frank Ocean', 'Eric Caudieux', 'Greg Keller', 'Jeff Ellis', 'MIKE DEAN', 'Pharrell Williams']"
89,Shape Of You,Ed Sheeran,Pop,"['Ed Sheeran', 'Geo Gabriel', 'Travis Cole', 'Wayne Hernandez', 'Chris Laws', 'Steve Mac']","['Kandi Burruss', 'Kevin Shekspere Briggs', 'Johnny McDaid', 'Steve Mac', 'Ed Sheeran', 'Tameka Cottle']","['Ed Sheeran', 'Chris Laws', 'Joe Rubel', 'Stuart Hawkes', 'Geoff Swan', 'Michael Freeman', 'Daniel Pursey', 'Steve Mac', 'Mark ""Spike"" Stent']"
90,Everybody Wants To Rule The World,Tears for Fears,Pop,"['Roland Orzabal', 'Curt Smith', 'Ian Stanley', 'Manny Elias', 'Neil Taylor', 'Chris Merrick Hughes']","['Ian Stanley', 'Chris Merrick Hughes', 'Roland Orzabal']","['Andrew Walter', 'Chris Merrick Hughes', 'David Bascombe']"
91,Stargazing,Myles Smith,Singer/Songwriter,['Myles Smith'],"['Jesse Fink', 'Myles Smith', 'Peter Fenn']",
92,Thinkin' Bout Me,Morgan Wallen,Country,,"['Taylor Delmar Phillips', 'John Byron', 'Ashley Gorley', 'Charlie Handsome']",
93,Strangers,Kenya Grace,Dance,['Kenya Grace'],['Kenya Grace'],
94,Every Breath You Take,The Police,Rock,"['Andy Summers', 'Stewart Copeland', 'Sting']",['Sting'],"['The Police', 'Hugh Padgham', 'Renate Blauel', 'Robbie Whelan']"
95,Dreams,Fleetwood Mac,Rock,"['Stevie Nicks', 'John McVie', 'Mick Fleetwood', 'Lindsey Buckingham', 'Christine McVie']",['Stevie Nicks'],"['Fleetwood Mac', 'Ken Caillat', 'Richard Dashut', 'Ken Perry', 'Bill Inglot', 'Dan Hersch', 'David McLees', 'Brian Kehew', 'Charlie Watts', 'Chris Morris', 'Garry Peterson']"
96,"Yes, And?",Ariana Grande,Pop,['Ariana Grande'],"['Ariana Grande', 'Ilya Salmanzadeh', 'Max Martin']",
97,Levitating,Dua Lipa,Pop,"['Dua Lipa', 'Sarah Hudson', 'Stephen Kozmeniuk', 'Lorna Blackwood', 'Paul Phamous', 'Todd Clark', 'Clarence Coffee Jr', 'Stuart Price', 'Russell Graham', 'Homer Steinweiss', 'Bosko Kante']","['Dua Lipa', 'Stephen Kozmeniuk', 'Sarah Hudson', 'Clarence Coffee Jr']","['Stephen Kozmeniuk', 'Lorna Blackwood', 'Elijah Marrett-Hitch', 'Phil Hotz', 'Stuart Price', 'Chris Gehringer', 'Josh Gudwin', 'Cameron Poole', 'KOZ', 'Matthew Snell']"
98,All I Want For Christmas Is You,Justin Bieber & Mariah Carey,Christmas,"['Justin Bieber', 'Mariah Carey', 'James""Big Jim"" Wright', 'Jerohn Garnett', 'Lloyd ""Sonny"" Thompson', 'Doc Powell', 'Sherry McGhee', 'Melanie Daniels', 'Sharlotte Gibson', 'Angie Fisher', 'Micah Tolentino']","['Ã\x8cÃ\xa0Ã°Ãª Ã\x98Ã½Ã©Ã¬Ã¥Ã\xad', 'Mariah Carey', 'Brad Dechter', 'Walter Afanasieff']","['Mariah Carey', 'James""Big Jim"" Wright', 'Randy Jackson', 'Kuk Harrell', 'Brian Garten', 'Josh Gudwin', ""Chris 'TEK' O'Ryan"", 'Brett ""Snacky"" Pierce', 'Thomas Kanarek', 'Kevin Guarnieri', 'Martin Cooke', 'Peter Mack', 'Greg DePante', 'Charlie Paakkari', 'Phil Tan', 'Damien Lewis', 'Keith Gretlein', 'Tom Coyne']"
99,Carnival,"?$, Kanye West, Ty Dolla $ign & Rich The Kid",Hip-Hop/Rap,"['Ty Dolla $ign', 'Playboi Carti', 'Rich The Kid', 'Ye']","['Raul Cubina', 'Mark Carl Stolinski Williams', 'Dimitri Roger', 'Kanye West', 'Samuel Lindley', 'Grant Dickinson', 'Nasir Pemberton', 'Playboi Carti']","['Ty Dolla $ign', 'Ye', 'Digital Nas', 'Ojivolta', 'Tyrone Griffin Jr', 'TheLabCook', 'The Legendary Traxster', 'Mike Tucci']"
100,Lovely,Billie Eilish & Khalid,Pop,"['Billie Eilish', 'Khalid']","['Billie Eilish', 'Finneas', 'Khalid']","['FINNEAS', 'Rob Kinelski', 'John Greenham', 'Denis Kosiak']"
101,In The End,LINKIN PARK,Hard Rock,"['Brad Delson', 'Chester Bennington', 'Mike Shinoda', 'Rob Bourdon', 'Joseph Hahn']","['Mike Shinoda', 'Brad Delson', 'Joseph Hahn', 'Rob Bourdon', 'Chester Bennington']","['Mike Shinoda', 'John Ewing, Jr.', 'Brian Gardner', 'Jeff Blue', 'Andy Wallace', 'Don Gilmore', 'Justin Smith', 'Matt Griffin']"
102,Redrum,21 Savage,Hip-Hop/Rap,,"['London Holmes', 'Mateen Kyle Niknam', 'u200eVinÃ\xadcius de Moraes', 'ShÃ©yaa Bin Abraham-Joseph']",
103,Slow It Down,Piano Covers,Country,['Piano Covers'],"['Connor McDonough', 'Jason Evigan', 'Jackson Lafrantz Larsen']",
104,Chihiro,Billie Eilish,Dance,"['Felix Cartal', 'Billie Eilish']","['Billie Eilish', 'Finneas']",
105,Belong Together,Mark Ambor,Pop,['Mark Ambor'],['Mark Ambor'],"['Mark Ambor', 'Noel Zancanella', 'Joe Zook']"
106,Who,Jimin,K-Pop,"['Jimin', 'Jon Bellion', 'Pete Nappi', 'Pdogg', 'GHSTLOOP', 'Tenroc', 'noogi park']","['GHSTLOOP', 'Jason Cornet', 'Pete Nappi', 'Pdogg', 'Jon Bellion']","['Jon Bellion', 'Pete Nappi', 'Pdogg', 'GHSTLOOP', 'Tenroc', 'Bryce Bordone', 'Chris Gehringer', 'John Arbuckle', 'Serban Ghenea']"
107,Cold Heart (PNAU Remix),Elton John & Dua Lipa,Pop,"['Elton John', 'Dua Lipa', 'Nicholas Littlemore', 'Peter Mayes', 'Sam Littlemore']","['ANDREW MEECHAM', 'Dean Meredith', 'Sam Littlemore', 'Nicholas Littlemore', 'Elton John', 'Peter Mayes', 'Bernie Taupin']","['Peter Mayes', 'Sam Littlemore', 'PNAU', 'Mark Schick', 'Rafael Fadul', 'Josh Gudwin', 'Randy Merrill']"
108,Amargura,KAROL G,Latin Urban,['KAROL G'],[''],
109,La Bachata,Manuel Turizo,Latin Urban,['Manuel Turizo'],"['Edgar Barrera', 'Juan Diego Medina Velez', 'Miguel Andres Martinez Perea', 'Gerald Oscar Jimenez', 'Andres Jael Correa Rios', 'Manuel Turizo Zapata', 'Luis Miguel Gomez Castano (Casta)']",
110,See You Again,"Tyler, The Creator",Hip-Hop/Rap,"['Tyler, The Creator', 'Kali Uchis']",['Tyler Okonma'],"['Tyler, The Creator', 'Vic Wainstein', 'Derek Jenner', 'Neal Pogue', 'Zachary Acosta', 'Mike Bozzi', 'Josh Sellers']"
111,Dance The Night,Dua Lipa,Pop,['Dua Lipa'],"['Dua Lipa', 'Caroline Ailin', 'Mark Ronson', 'Andrew Wyatt']",
112,Nonsense,Sing2Piano,Karaoke,['Sing2Piano'],"['Steph Jones', 'Leroy Clampitt', 'Sabrina Carpenter']",
113,Training Season,Dua Lipa,Pop,"['Dua Lipa', 'Kevin Parker', 'Danny L Harle', 'Caroline Ailin', 'Tobias Jesso Jr.']","['Yaakov Gruzman', 'Tobias Jesso Jr.', 'Shaun Frank', 'Martina Sorbara', 'Steve Francis Richard Mastroianni', 'Nicholas Gale', 'Danny L Harle', 'Dua Lipa', 'Caroline Ailin', 'Kevin Parker']","['Danny L Harle', 'Kevin Parker', 'Caroline Ailin', 'Will Quinnell', 'Cameron Gower Poole', 'Chris Gehringer', 'Jan Brzezinsk', 'Josh Kay', 'Josh Gudwin', 'Daniela Sicilia']"
114,Si No Estas,in?igo quintero,Pop,['in?igo quintero'],['in?igo quintero'],['in?igo quintero']
115,Agora Hills,Doja Cat,Rap,['Doja Cat'],"['Michael Lovesmith', 'Gentuar Memishi', 'Jean-Baptiste Kouame', 'Doja Cat', 'Brian Holland', 'Isaac Earl Bynum', 'Bennett Pepple']",
116,Scared To Start,Piano Covers,Country,['Piano Covers'],['Michael Marcagi'],
117,Something Just Like This,The Chainsmokers & Coldplay,Dance,"['The Chainsmokers', 'Coldplay', 'Andrew Taggart', 'Christopher Martin', 'Will Champion', 'Jordan ""DJ Swivel"" Young', 'Alesso', 'Berryman Guy Rupert', 'Jonny Buckland']","['Christopher Anthony John Martin', 'Andrew Taggart', 'Berryman Guy Rupert', 'Will Champion', 'Jonny Buckland']","['The Chainsmokers', 'Jordan ""DJ Swivel"" Young', 'Rik Simpson', 'Owen Butcher', 'Bill Rahko', 'Aleks von Korff', 'Daniel Green', 'Tony Smith', 'Adam Alpert', 'Alex Pall', 'Patrick Karnik']"
118,Type Shit,"Metro Boomin, Future, Playboi Carti & Travis Scott",Hip-Hop/Rap,,"['Dwayne Richardson', 'Future', 'Travis Scott', 'Leland Wayne', 'Playboi Carti']",
119,Monaco,Bad Bunny,Latino,,"['Marco Borrero', 'Armando Cuesta', 'Samuel Jimenez', 'Edward Davadi', 'Charles Aznavour', 'Jose Jr. Roberto Rosado Torres', 'Benito A. Martinez Ocasio']",
120,Locked Out Of Heaven,Bruno Mars,Pop,"['Bruno Mars', 'Emile Haynie', 'Mark Ronson', 'Nick Movshon', 'Homer Steinweiss', 'Jeff Bhasker']","['Philip Lawrence', 'Bruno Mars', 'Ari Levine']","['Ari Levine', 'Emile Haynie', 'Charles Moniz', 'Bob Mallory', 'Tyler Hartman', 'Alalal', 'Mark Ronson', 'Wayne Gordon', 'The Smeezingtons', 'Jeff Bhasker', 'Artie Smith']"
121,Have You Ever Seen The Rain,Creedence Clearwater Revival,Rock,"['John Fogerty', 'Stu Cook', 'Doug Clifford', 'Tom Fogerty']",['John Fogerty'],"['John Fogerty', 'Russ Gary']"
122,Iris,The Goo Goo Dolls,Pop,"['Jamie Muhoberac', 'John Rzeznik', 'Tim Pierce', 'Robby Takac', 'Mike Malinin']","['John Rzeznik', 'David Campbell']","['The Goo Goo Dolls', 'Rob Cavallo', 'Allen Sides', 'Jack Joseph Puig', 'Greg Burns', 'Rafa Sardina', 'Steve Hall']"
123,Last Christmas,Wham!,Christmas,['George Michael'],['George Michael'],"['George Michael', 'Chris Porter']"
124,Is It Over Now? (Taylor's Version) [From The Vault],Taylor Swift,Pop,"['Taylor Swift', 'Max Martin', 'Shellback']","['Shellback', 'Taylor Swift', 'Max Martin']","['Max Martin', 'Shellback', 'Cory Bice', 'Jeremy Lertola', 'John Hanes', 'Michael Ilbert', 'Sam Holland', 'Serban Ghenea']"
125,Pink Skies,Zach Bryan,Singer/Songwriter,"['Zach Bryan', 'Chris Anteen']",['Zach Bryan'],['Leo Alba']
126,Popular,The Weeknd & Madonna,Soundtrack,,"['Johnny Flippin', 'MIKE DEAN', 'The Weeknd', 'Leland Wayne', 'Michael Walker', 'Sam Levinson', 'Playboi Carti']",
127,I Don't Wanna Wait,The Weeknd & Madonna,Soundtrack,,"['Aldae', 'Dan Balan', 'David Guetta', 'Tyler Spry', 'Timofey Reznikov', 'Josh Varnadore', 'Ryan Tedder', 'Jakke Erixson', 'Brent Kutzle', 'Michael Pollack']",
128,Fukumean,Gunna,Hip-Hop/Rap,['Gunna'],"['Flo Ongonga', 'Gunna', 'Lucas DiFabbio']",
129,3D,Jung Kook & Jack Harlow,K-Pop,"['Jung Kook', 'Jack Harlow']","['David Stewart', 'Michael Kevin Tucker', 'Jack Harlow']","['David Stewart', 'Serban Ghenea', 'Bryce Bordone', 'Chris Gehringer', 'BloodPop']"
130,Que Onda,"Calle 24, Chino Pacas & Fuerza Regida",Regional Mexican,"['Calle 24', 'Chino Pacas', 'Fuerza Regida']","['Miguel Armenta', 'Diego Milan', 'Jonathan Caro', 'Jesus Ortiz Paz', 'Cristian Humberto Avila Vega']","['Jesus Ortiz Paz', 'Angel Tumbado']"
131,Mr. Brightside,The Killers,Rock,"['Dave Keuning', 'Mark Stoermer', 'Brandon Flowers', 'Ronnie Vannucci']","['Brandon Flowers', 'Dave Keuning']","['The Killers', 'Jeff Saltzman', 'Dave Stedronsky', 'Mark Needham', 'Will Brierre', 'Dario Dendi', 'Brian Gardner']"
132,El Amor de Su Vida,Grupo Frontera & Grupo Firme,Regional Mexican,"['Abraham Luna', 'Adelaido Solis', 'Alberto Acosta', 'Brian Ortega', 'Carlos Guerrero', 'Christian Tellez', 'Dylan Camacho', 'Eduin Caz', 'Jhonny', 'Jose Rubio', 'Juan Javier Cantu', 'Julian Pena Jr.']","['Edgar Barrera', 'Kevyn Cruz']","['Edgar Barrera', 'Luis Barrera Jr.', 'Martin Garcia']"
133,Wildflower,Blue Wednesday,Old School Rap,['Blue Wednesday'],['Gustav Joseph'],['Gustav T Joseph']
134,La Victima,Xavi,Regional Mexican,"['Xavi', 'Ivan Lopez', 'Leonardo Gama', 'Mark Diaz']",['Joshua Xavier Gutierrez Alonso'],['Ernesto Fernandez']
135,Perfect Night,LE SSERAFIM,K-Pop,"['LE SSERAFIM', 'HUH YUNJIN', 'Hong Eun-chae', 'KazuHa', 'Kim Chaewon', 'Miyawaki Sakura']","['Marcus Andersson', 'SCORE(13)', 'Jorge Luis Perez', 'Amanda Kiddo A.I. Ibanez', 'Zikai', 'Lauren Aquilina', 'Hitman Bang', 'Ninos Hanna', 'HUH YUNJIN', 'Sofia Quinn', 'Jr.', 'MEGATONE(13)', 'Niklas Jarelius Persson']","['13', '""Hitman"" Bang', 'Josh Gudwin', 'Felix Byrn', 'Chris Gehringer']"
136,Harley Quinn,"Calle 24, Chino Pacas & Fuerza Regida",Regional Mexican,"['Calle 24', 'Chino Pacas', 'Fuerza Regida']","['Miguel Armenta', 'Diego Milan', 'Jonathan Caro', 'Jesus Ortiz Paz', 'Cristian Humberto Avila Vega']","['Jesus Ortiz Paz', 'Angel Tumbado']"
137,Creep,Radiohead,Alternative,"['Colin Greenwood', ""Edward O'Brien"", 'Jonny Greenwood', 'Thom Yorke', 'Philip Selway']","['Mike Hazlewood', 'Edward OBrien', 'Jonny Greenwood', 'Thom Yorke', 'Philip Selway', 'Albert Hammond']","['Chris Blair', 'Paul Kolderie', 'Sean Slade']"
138,Si No Quieres No,Luis R Conriquez & Neton Vega,Latino,"['Luis R Conriquez', 'Neton Vega']",['Neton Vega'],"['Luis R Conriquez', 'Neton Vega', 'Carlos Santos', 'Nick calleros', 'Ernesto Fernandez']"
139,Supernova,aespa,K-Pop,"['aespa', 'GISELLE', 'KARINA', 'NINGNING', 'WINTER']","['KENZIE', 'Dwayne Dem Jointz Abernathy Jr.', 'Dem Jointz', 'Paris Alexa']",['Dem Jointz']
140,Santa,"Rvssian, Rauw Alejandro & Chris Brown",Latin Urban,"['Rauw Alejandro', 'Chris Brown', 'Rvssian']","['Chris Brown', 'Eric Bellinger', 'Tarik Johnston', 'Jose M. Collazo', 'Jorge Pizarro Kenobi', 'Tarik Rvssian Johnston', 'Nathalia Marshall Lionchild', 'Richard McClashie', 'Patrizio Pigliapoco Teezio', 'Rachael Kennedy Lionchild', 'Rauw Alejandro', 'Ben Shapiro', 'Lance Shipp Lionchild', 'Feli Ferraro']","['Mario Dunwell', 'Colin Leonard', 'Rvssian']"
141,Rich Baby Daddy,Drake,Hip-Hop/Rap,['Drake'],"['Janae Wherry', 'Benjamin Saint Fort', 'Drake', 'M. Fellander-Tsai', 'R. Zastenker', 'SZA', 'J. Klahr', 'Tom Schaeferdiek', 'Diamante Anthony Blackmon', 'Isabella Summers', 'Yuval Chain', 'Douglas Dougie F Ford', 'Shivam Barot', 'Florence Welch']",
142,Taste,Sabrina Carpenter,Pop,['Sabrina Carpenter'],"['Amy Allen', 'Julia Michaels', 'Ian Kirkpatrick', 'John Ryan', 'Sabrina Carpenter']",
143,Don't Stop Believin',Journey,Rock,"['Steve Perry', 'Neal Schon', 'Jonathan Cain', 'R. Valory', 'Steve Smith']","['Neal Schon', 'Jonathan Cain', 'Steve Perry']","['Mike Stone', 'Kevin Elson', 'Wally Buck']"
144,Bellakeo,Peso Pluma & Anitta,Regional Mexican,,"['Angel Sandoval', 'Jorge Alberto Erazo', 'Mario CÃ¡ceres', 'Juan Daniel Arias', 'Santiago Gabriel Ruiz â\x80\x9cTatoolâ\x80\x9d', 'Omar Jose Pulido Vicari', 'Larissa de Macedo', 'Hassan Emilio Kabande Laija', 'Juan Diego Medina']",
145,Stumblin' In,CYRIL,Dance,['CYRIL'],"['Nicholas Barry Nicky Chinn', 'Michael Chapman']",
146,Never Lose Me,Flo Milli,Hip-Hop/Rap,['Flo Milli'],['Flo Milli'],
147,Baby Shark,Pinkfong,Children's Music,"['Pinkfong', 'Anipen Matthew Digiacomo', 'Bommie Catherine Han', 'Charity Wynn Segoine', 'Hope Marie Segoine', 'Robert William Gardiner']","['Don Monopoli', 'Pinkfong', 'KizCastle']",['Pinkfong']
148,Mockingbird,Eminem,Hip-Hop/Rap,"['Eminem', 'Luis Resto']","['Luis Resto', 'Eminem']","['Eminem', 'Luis Resto', 'Steve King', 'Tony Campana', 'Mike Strange']"
149,Rockin' Around The Christmas Tree,Brenda Lee,Christmas,"['Brenda Lee', 'Hank Garland', 'Boots Randolph', 'Harold Bradley', 'Floyd Cramer', 'Bob Moore', 'Buddy Harman', 'The Anita Kerr Singers']",['Johnny Marks'],['Owen Bradley']
150,Can't Hold Us,Macklemore & Ryan Lewis,Hip-Hop/Rap,"['Macklemore', 'Ray Dalton']","['Ray Dalton', 'Ryan Lewis', 'Macklemore']",
151,Y Lloro,Oscar Maydon & Junior H,Regional Mexican,"['Oscar Maydon', 'Junior H']",['The Weeknd'],['Jimmy Humilde']
152,Unforgettable,French Montana,Hip-Hop/Rap,"['French Montana', 'Swae Lee', 'Mariah Carey']","['Karim Kharbouch', 'Martin McKinney', 'McCulloch Reid Sutphin', 'Christopher Washington', 'Carlos Illangelo Montagnese', 'Marcel Rainer', 'Aujla Jagvir Singh', 'The Weeknd', 'Jeremy Felton', 'Khalif Brown']","['Mike WiLL Made-It', 'CP Dubb', 'Jaegan', 'McCulloch Reid Sutphin', 'Lawrence ""ELL"" Wydermyer', 'Rick Steel', '""The Illustrious"" Jaycen Joshua', 'Maddox Chhim', 'David Nakaji', 'Dave Kutch']"
153,LaLa,Myke Towers,Latino,['Myke Towers'],['Myke Towers'],
154,Like Crazy,Jimin,K-Pop,"['Jimin', 'BLVSH', 'Evan', 'GHSTLOOP', 'Pdogg', '???']","['Chris James', 'RM', 'GHSTLOOP', 'BLVSH', 'Jimin', 'Evan', 'Pdogg']","['Pdogg', 'GHSTLOOP', 'Serban Ghenea', 'Bryce Bordone', 'Chris Gehringer', 'BLVSH']"
155,Down Bad,Taylor Swift,Pop,"['Taylor Swift', 'Shellback', 'Max Martin']","['Shellback', 'Taylor Swift', 'Max Martin']","['Shellback', 'Max Martin', 'Cory Bice', 'John Hanes', 'Michael Ilbert', 'Peter Carlsson', 'Sam Holland', 'Serban Ghenea']"
156,Just The Way You Are,Bruno Mars,Pop,"['Bruno Mars', 'Ari Levine']","['Khari Cain', 'Ari Levine', 'Philip Lawrence', 'Bruno Mars', 'Khalil Walton']","['Ari Levine', 'Christian Plata', 'Erik Madrid', 'The Smeezingtons', 'Stephen Marcussen', 'Manny Marroquin', 'Needlz']"
157,Madonna,"Natanael Cano, Dan Sanchez & Justin Morales",Regional Mexican,"['Natanael Cano', 'Justin Morales', 'Dan Sanchez', 'Oscar Maydon']","['Natanael Cano', 'Justin Morales', 'Dan Sanchez', 'Oscar Maydon']","['Natanael Cano', 'Jimmy Humilde', 'Edgar Rodriguez', 'Amilkar Galaviz']"
158,Miles On It,Kane Brown & Marshmello,Country,"['Kane Brown', 'Marshmello']","['Jake Torrey', 'Riley McDonough', 'Nicholas Gale', 'Castle', 'Connor McDonough', 'Marshmello', 'Kane Brown', 'Earwulf']",
159,Sure Thing,Miguel,R&B/Soul,"['Miguel', 'Daniel DeLuna', 'Happy Perez']","['Miguel', 'Nathan Perez', 'Miguel Jontel Pimentel']","['Miguel', 'Happy Perez', 'Manny Marroquin', 'Christian Plata', 'Erik Madrid', 'Tom Coyne']"
160,La Bebe,Yng Lvcas & Peso Pluma,Latino,,"['Daniel Donlucas', 'Hector Adrian Salazar Aguayo', 'Hassan Emilio Kabande Laija']",
161,Hot To Go!,Chappell Roan,Pop,['Chappell Roan'],"['Daniel Nigro', 'Chappell Roan']",
162,Alibi,"Sevdaliza, Pabllo Vittar & Yseult",Latin Urban,"['Sevdaliza', 'Pabllo Vittar', 'Yseult']","['Summer Disbray', 'Reynard Bargmann', 'Number Teddie', 'Sevda Alizadeh', 'Yseult Onguenet', 'Rodrigo Gorky', 'Nilusi Nisanka', 'Eyelar Mirzazadeh', 'Mathias Janmaat', 'Will Knox', 'Pabllo Vittar', 'Sevdaliza', 'Mucky']","['Sevdaliza', 'Mathias Janmaat']"
163,BAND4BAND,Central Cee & Lil Baby,Hip-Hop/Rap,"['Central Cee', 'Lil Baby']",[''],
164,Jingle Bell Rock,Bobby Helms,Christmas,"['Bobby Helms', 'The Anita Kerr Singers', 'Hank Garland']","['James Ross Boothe', 'Joe Beal']",['Paul Cohen']
165,When I Was Your Man,Bruno Mars,Pop,['Bruno Mars'],"['Philip Lawrence', 'Bruno Mars', 'Ari Levine', 'Andrew Wyatt']","['Ari Levine', 'Charles Moniz', 'The Smeezingtons', 'Manny Marroquin']"
166,Evergreen,Richy Mitch & The Coal Miners,Singer/Songwriter,"['Jakob Ervin', 'Mitchell Cutts', 'Nicolas Haughn']","['Taylor Meier', 'Nicolas Haughn', 'Mitchell Cutts']",['Nicolas Haughn']
167,One Dance,Drake,Hip-Hop/Rap,"['Drake', 'WizKid', 'Kyla', 'Nineteen85']","['Ayodeji Ibrahim Balogun', 'Drake', 'Errol Reid', 'Corey Bruce Johnson', 'Paul Jefferies', 'Kyla Smith', 'Noah 40 Shebib', 'Luke Patrick Reid']","['WizKid', 'Greg Moffett', 'Harley Arsenault', 'Chris Athens', 'Dave Huffman', 'Noah ""40"" Shebib', 'Nineteen85', 'Noel ""Gadget"" Campbell', 'Ryan ""Scotian Potion"" Daly', 'Les Bateman', 'Lindsay Warner']"
168,Cowgirls,Morgan Wallen,Country,['Morgan Wallen'],"['Milan Modi', 'Ryan Vojtesak', 'Rocky Block', 'Ernest Keith Smith', 'James Maddocks', 'Ashley Gorley']",
169,IDGAF,Drake,Hip-Hop/Rap,"['Drake', 'Timmy Thomas']","['Timmy Thomas', 'Drake', 'Paul Jefferies']","['Noel Cadastre', 'Greg Moffett', 'Paul Jefferies', 'Harley Arsenault', 'Gregg Morrison', 'Peter Vickers', 'Chris Athens', 'Dave Huffman', 'Drake', 'Noah ""40"" Shebib', 'Noel Campbell', 'O. El-Khatib']"
170,Lady Gaga,"Peso Pluma, Junior H & Gabito Ballesteros",Regional Mexican,,"['The Weeknd', 'Gabito Ballesteros', 'Gabriel Ballesteros Abril']",
171,The Door,Teddy Swims,Pop,['Teddy Swims'],"['Mikky Ekko', 'Teddy Swims', 'Sherwyn Nicholls', 'Julian Bunetta', 'John Ryan', 'Joshua Coleman']",
172,The Sound Of Silence (CYRIL Remix),Disturbed,Dance,"['Disturbed', 'CYRIL']",['Paul Simon'],
173,Exes,Tate McRae,Pop,['Tate McRae'],"['Tyler Spry', 'Tate McRae', 'Ryan Tedder']",
174,Murder On The Dancefloor,Sophie Ellis-Bextor,Pop,"['Sophie Ellis-Bextor', 'Nick Franglen', 'Guy Pratt', 'John Themis', 'Rosie Wetters', 'Wired Strings']","['Gregg Alexander', 'Sophie Ellis-Bextor']","['Matt Rowe', 'Jeremy Wheatley', 'Gregg Alexander', 'James Loughrey', 'Laurence Brazil', 'Marco Rakascan']"
175,Sweet Child O' Mine,Guns N' Roses,Hard Rock,"['Axl Rose', 'Slash', 'Duff McKagan', 'Steven Adler', 'Izzy Stradlin']","['Axl Rose', 'Saul Hudson', 'Jeffrey Isbell', 'Steven Adler', 'Duff McKagan']","['Mike Clink', 'Steve Thompson', 'Michael Barbiero', 'Andy Udoff', 'Dave Reitzas', 'Jeff Poe', 'Julian Stoll', 'Micajah Ryan', 'Ted Jensen', 'Victor Deyglio']"
176,Numb,LINKIN PARK,Hard Rock,"['Brad Delson', 'Chester Bennington', 'Dave Farrell', 'Mike Shinoda', 'Joseph Hahn', 'Rob Bourdon']","['Dave Farrell', 'Mike Shinoda', 'Brad Delson', 'Joseph Hahn', 'Rob Bourdon', 'Chester Bennington']","['LINKIN PARK', 'Fox Phelps', 'Brian Gardner', 'Andy Wallace', 'Don Gilmore', 'John Ewing, Jr.']"
177,Move,LINKIN PARK,Hard Rock,"['Adam Port', 'Stryv', 'Malachiii', 'Keinemusik', 'Orso']","['Malachi Cohen', 'Adam Polaszek', 'Hamid Bashir']","['Adam Port', 'Stryv']"
178,I Know ?,Travis Scott,Hip-Hop/Rap,,"['Travis Scott', 'Ozan Yildirim', 'Coleman', 'Buddy Ross', 'Terrance George', 'Kobe â\x80\x9cBbyKobeâ\x80\x9d Hood']",
179,Primera Cita,Carin Leon,Regional Mexican,"['Carin Leon', 'Orlando Aispuro Meneses', 'Luis Carlos Perez', 'Carlos Marhyn', 'Alan Ortega', 'Abraham Noe Reyes', 'Jose Avila Yanez', 'Abel Alexis Anguiano Martinez']",['Alejandro Lozano'],"['Oscar Armando Diaz de Leon', 'Israel Aispuro Meneses', 'Alberto Medina', 'Orlando Aispuro Meneses']"
180,Big Dawgs,Kalmi & Hanumankind,Hip-Hop/Rap,"['Kalmi', 'Hanumankind']","['Kalmi', 'Hanumankind']",
181,Pedro,"Jaxomy, Agatino Romero & Raffaella Carra",Dance,['Raffaella Carra'],"['Luis Gomez Escolar', 'Paolo Ormi', 'Gianni Boncompagni', 'Ã\x94Ã°Ã\xa0Ã\xadÃªÃ® Ã\x81Ã°Ã\xa0ÃªÃ\xa0Ã°Ã¤Ã¨']","['Jaxomy', 'Agatino Romero', 'Steffen Harning', 'Reinhard Raith']"
182,Whatever,Kygo & Ava Max,Dance,,"['Patrick Martin', 'Shakira Isabel Mebarak Ripoll', 'Amanda Ava Koci', 'Roland Spreckley', 'Cleo Tighe', 'Kyrre GÃ¸rvell-Dahll', 'Tim Mitchell', 'Jonah Shy', 'Gloria Estefan']",
183,Kehlani,Jordan Adetunji,Hip-Hop/Rap,['Jordan Adetunji'],['Jordan Adetunji'],
184,Billie Jean,Michael Jackson,Pop,"['Bill Wolfer', 'David Williams', 'Greg Phillinganes', 'Greg Smith', 'Jeremy Lubbock', 'Louis Johnson', 'Michael Boddicker', 'Michael Jackson', 'Leon ""Ndugu"" Chancler', 'Tom Scott']","['Michael Jackson', 'Jerry Hey']","['Michael Jackson', 'ÃÃ³Ã¨Ã­Ã±Ã¨ ÃÃ¦Ã®Ã­Ã±', 'Bruce Swedien', 'Humberto Gatica', 'Mark Ettel', 'Matt Forger', 'Steve Bates']"
185,Euphoria,Kendrick Lamar,Hip-Hop/Rap,['Kendrick Lamar'],['Kendrick Lamar'],
186,Idol,Miura Jam,Anime,['Miura Jam'],['YOASOBI'],
187,Ain't No Love In Oklahoma,Metal Boys Inc.,Hard Rock,['Metal Boys Inc.'],"['Jonathan Singleton', 'Jessi Alexander', 'Luke Combs']","['Jonathan Singleton', 'Luke Combs', 'Chip Matthew']"
188,Your Love,The Outfield,Rock,"['John Spinks', 'Tony Lewis', 'Alan Jackman', 'Frank Callaghan', 'Reg Webb', 'William Wittman']",['John Spinks'],"['Rick Chertoff', 'Chris Athens', 'John Agnello', 'George Marino', 'Andy Canelle', 'William Wittman']"
189,Guess,Billie Eilish,Alternative,['Billie Eilish'],"['Billie Eilish', 'Finneas']","['FINNEAS', 'Rob Kinelski', 'John Greenham']"
190,Dial Drunk,Noah Kahan & Post Malone,Alternative,,"['Post Malone', 'Noah Kahan', 'Noah Levine']",
191,Bye Bye Bye,*NSYNC,Pop,"['Esbjorn Ohrwall', 'Justin Timberlake', 'JC Chasez', 'Chris Kirkpatrick', 'Joey Fatone', 'Lance Bass']","['Jacob Schulze', 'Kristian Lundin', 'Andreas Carlsson']","['Kristian Lundin', 'Michael Tucker', 'Bray Merritt', 'Jacob Schulze']"
192,Somewhere Only We Know,Keane,Rock,"['Tom Chaplin', 'Tim Rice-Oxley', 'Richard Hughes', 'Andy Green']","['Tim Rice-Oxley', 'Richard Hughes', 'Tom Chaplin']","['Keane', 'Andy Green', 'Mark ""Spike"" Stent', 'David Treahearn', 'Rob Haggett', 'Ted Jensen']"
193,First Person Shooter,Drake,Hip-Hop/Rap,['Drake'],"['Isaac De Boni', 'Drake', 'Scotty Coleman', 'Joseph Washington Jr.', 'Anderson Hernandez', 'Michael Mule', 'Matthew Jehu Samuels', 'Ozan Yildirim', 'Brytavious Lakeith Chambers', 'S. Tidemand', 'Jermaine Cole']",
194,Si No Es Contigo,FloyyMenor & Cris MJ,Latino,"['Cris MJ', 'FloyyMenor']","['Cristopher Alvarez', 'FloyyMenor']",['Bigcvyu']
195,The Boy Is Mine,Brandy & Monica,Pop,"['Brandy', 'Monica', 'Isaac Phillips', 'The Darkchild Orchestra']","['Japhe Tejeda', 'Rodney Jerkins', 'Fred Jerkins III', 'Larry Gold', 'Lashawn Daniels', 'Brandy Norwood']","['Ben Garrison', 'Brandy', 'Carlton Lynn', 'Chris Tergesen', 'Dallas Austin', 'Dexter Simmons', 'Greg Thompson', 'Lashawn Daniels', 'Leslie Brathwaite', 'Rodney Jerkins', 'Victor McCoy']"
196,Where The Wild Things Are,Labrinth,Pop,['Labrinth'],"['Gustave Rudman', 'Labrinth', 'Cass Lowe']","['Labrinth', 'Serban Ghenea', 'Michelle Mancini']"
197,Cardigan,Taylor Swift,Alternative,"['Taylor Swift', 'Aaron Dessner', 'Benjamin Lanz', 'James McAlister', 'Yuki Numata Resnick', 'Clarice Jensen', 'David Nelson']","['Aaron Dessner', 'Taylor Swift', 'Bryce Dessner']","['Aaron Dessner', 'Jonathan Low', 'Laura Sisk', 'Bella Blasko', 'Randy Merrill', 'James McAlister', 'Kyle Resnick', 'Clarice Jensen', 'David Nelson', 'Taylor Swift']"
198,Santa Tell Me,Ariana Grande,Christmas,"['Ariana Grande', 'Jeanette Olsson', 'Joi Gilliam', 'Taura Stinson', 'Chonita Gillespie', 'Savan Kotecha', 'Max Martin', 'Mattias Bylund', 'Mattias Johansson', 'David Bukovinszky', 'Michael Engstrom', 'Magnus Sjolander', 'Cory Bice', 'ILYA', 'Sam Holland']","['Mattias Bylund', 'Ilya Salmanzadeh', 'Max Martin', 'Ariana Grande', 'Savan Kotecha']","['Ilya Salmanzadeh', 'Serban Ghenea', 'Noah Passovoy', 'Cory Bice', 'John Hanes', 'Sam Holland']"
199,No Role Modelz,J. Cole,Hip-Hop/Rap,"['J. Cole', 'Kaye Fox', 'DJ Dahi']","['Earl Stevens', 'Darius Barnes', 'Tenina Stevens', 'Brandt Jones', 'Marvin Whitemon', 'Danell Stevens', 'Paul Beauregard', 'Jordan Houston', 'Jermaine Cole']","['J. Cole', 'Juro ""Mez"" Davis', 'Sean Kellett', 'Dreamville', 'Mark Pitts', 'Roc Nation', 'Brian Gardner', 'Darius ""Phonix Beats"" Barnes']"
200,Praise Jah In The Moonlight,YG Marley,Reggae,"['Jules ""Juda"" Bartholomew', 'Dwayne Moore', 'Jermaine Blandford', 'George ""Spanky"" McCurdy', 'Tyquan S. Johnson', 'Ty Tuschen', 'Lawrence Jones', 'Irvin Washington', 'Junius Bervine', 'Samuel Gutman', 'Jeffrey Smith', 'Laderrick Perry', 'Leonard Mobley', 'Jeremy Boyd', 'Lenesha Randolph', 'Mary Floyd', 'Tanikka Myers', 'Natalie Imani', 'Bob Marley', 'Johnny G', 'Divinci Glen Valencia Jr.', ""Keynan 'Kid Maestro' Harden II"", ""Alex 'ALEJANDRO' Alonso"", 'Kenneth Kaminski', ""Donique 'OhThatsQuan' Williams""]","['Bob Marley', 'Joshua Marley', 'Lauryn Hill']","['Joshua Marley', 'Lauryn Hill', ""Omari 'King Salim' Stines"", 'Joseph ""JKEY"" Diaz', 'Julian Miller', ""Aundre 'D.Wil' Wilson"", 'Kadeem ""Ohcean"" Stanley', 'Jason Brown', 'Matthew Testa', 'Fabian Marasciullo', 'MIKE DEAN', 'Johnny G']"
